"id","title","instruction","why_it_matters","family","primary_week","mechanisms","contexts","time","estimated_minutes","effort","requires_leaving_home","requires_partner_cooperation","repeatability","keeper_potential","theme_weights","eligible_path_weeks","exclusions","review_status"
"RTN001","Say the good thing","Notice one thing they handled today that you would normally leave unspoken. Tell them you noticed.","Small acknowledgements interrupt the tendency to filter familiar effort into the background.","DO","1","attention|appreciation|perceived_responsiveness","home|workday|anywhere","anytime","1","1","false","false","high","high","routine:1.0|closeness:0.7|support:0.6","routine:1|communication:1","none","approved"
"RTN002","Catch the autopilot","At one ordinary moment together today, notice what each of you does without thinking. Don't change it yet; just name the pattern privately to yourself.","Noticing a cue-response pattern is the first step toward choosing a different response.","NOTICE","1","attention|self_monitoring","home|anywhere","anytime","1","1","false","false","high","medium","routine:1.0|communication:0.3","routine:1","none","approved"
"RTN003","One real follow-up","When they tell you something about their day, ask one genuine follow-up question before talking about your own day.","A small change in attention can make an ordinary exchange feel less automatic and more responsive.","DO","1","curiosity|active_listening|perceived_responsiveness","home|walking|car|text_or_remote|anywhere","anytime","2","1","false","true","high","high","routine:0.9|communication:0.8|closeness:0.6","routine:1|communication:1,2","none","approved"
"RTN004","Look up","The next time they enter the room or meet you somewhere today, pause what you're doing for a few seconds and properly look at them.","Deliberately shifting attention can interrupt familiar moments that have become almost invisible.","DO","1","attention|perceived_responsiveness","home|cafe_or_bar|restaurant|anywhere","anytime","1","1","false","true","high","high","routine:1.0|closeness:0.7","routine:1,4","physical_affection_not_required","approved"
"RTN005","Notice the assumption","The next time something small annoys you, catch the first explanation your mind gives you for why they did it. Don't argue with it; just notice it.","Automatic interpretations can shape a reaction before we realize an interpretation has happened.","NOTICE","1","self_monitoring|alternative_interpretation","home|car|shopping_or_errands|anywhere","anytime","1","1","false","false","high","medium","routine:0.8|conflict:0.8|communication:0.5","routine:1,3|same_fight:1","acute_conflict","approved"
"RTN006","Find the detail","Notice one small detail about your partner today that you haven't paid attention to lately: what they're wearing, doing, reading, humming, or choosing.","Familiarity can narrow attention. Deliberately noticing detail makes the familiar visible again.","NOTICE","1","attention|curiosity","home|outdoors|social_setting|anywhere","anytime","1","1","false","false","medium","low","routine:1.0|closeness:0.5","routine:1","none","approved"
"RTN007","Ask beyond logistics","At some point today, ask one question that isn't about schedules, chores, money, food, or plans.","Moving one conversation beyond coordination creates a small opening for curiosity.","DO","1","curiosity|self_disclosure","home|walking|cafe_or_bar|car|text_or_remote","anytime","2","1","false","true","medium","medium","routine:0.9|communication:0.7|closeness:0.7","routine:1|communication:1","high_conflict","approved"
"RTN008","Spot their bid","Notice one small attempt they make to get your attention today—a comment, joke, photo, question, or look. Respond instead of letting it pass.","Responding to small bids for attention can change the feel of everyday interaction without requiring a big conversation.","DO","1","attention|perceived_responsiveness|positive_affect","home|text_or_remote|anywhere","anytime","2","1","false","true","high","high","routine:0.9|closeness:0.8|communication:0.5","routine:1,4","none","approved"
"RTN009","Remember the version","When you see your partner today, briefly remember one thing about them that first drew you in. Keep it to yourself or tell them if it feels natural.","Bringing an older positive representation to mind can interrupt seeing a familiar person only through today's logistics.","NOTICE","1","attention|positive_affect","home|commuting|workday|anywhere","anytime","1","1","false","false","medium","low","routine:0.8|spark:0.7|closeness:0.6","routine:1|spark:1","acute_conflict","approved"
"RTN010","Five minutes, no admin","During five minutes together today, leave chores, schedules, work admin, and tomorrow's planning alone.","Briefly removing logistical talk creates room for a different kind of interaction.","TRY_DIFFERENTLY","1","behavioral_experiment|environmental_design|shared_activity","home|walking|car|cafe_or_bar","anytime","5","1","false","true","medium","medium","routine:1.0|closeness:0.6|communication:0.4","routine:1,2","urgent_logistics","approved"
"RTN011","Change the route","If you walk or drive somewhere together today, take a slightly different route.","Tiny environmental changes can interrupt autopilot and create fresh shared attention.","TRY_DIFFERENTLY","2","novelty|behavioral_experiment|environmental_design","walking|car|outdoors|shopping_or_errands","anytime","5","1","false","true","medium","medium","routine:1.0|spark:0.5","routine:2|spark:1","mobility_constraints","approved"
"RTN012","Choose for each other","If you get a coffee, snack, or small treat together today, let each person choose for the other within something you both already like.","A low-stakes change to a familiar choice introduces novelty and attention without requiring a special date.","TRY_DIFFERENTLY","2","novelty|curiosity|behavioral_experiment","cafe_or_bar|restaurant|shopping_or_errands","anytime","5","2","false","true","low","low","routine:0.9|spark:0.7","routine:2|spark:1,2","dietary_or_financial_constraints","approved"
"RTN013","Send the unexpected thing","Send them something during the day that isn't practical: a photo, thought, joke, or tiny thing that made you think of them.","Changing a communication channel from coordination to connection adds novelty to an ordinary day.","DO","2","positive_affect|approach_behavior|attention","workday|commuting|text_or_remote","daytime","2","1","false","false","high","medium","routine:0.8|spark:0.5|closeness:0.6","routine:2|spark:1","acute_conflict","approved"
"RTN014","Swap one default","Pick one tiny default you normally control—music, route, show, side of the sofa, dinner choice—and let them choose today.","Changing a predictable micro-routine creates a safe behavioral experiment in flexibility.","TRY_DIFFERENTLY","2","behavioral_experiment|novelty|response_substitution","home|car|restaurant|anywhere","anytime","2","1","false","true","medium","medium","routine:1.0|fairness:0.4","routine:2","none","approved"
"RTN015","Tiny surprise","Do one small useful or enjoyable thing they aren't expecting today. Keep it small enough that it doesn't create an obligation to react.","A low-pressure positive surprise can interrupt predictability while reinforcing attention to the other person.","DO","2","novelty|appreciation|support","home|workday|shopping_or_errands|anywhere","anytime","5","2","false","false","medium","medium","routine:0.9|spark:0.6|support:0.7","routine:2|spark:2","resentment_or_scorekeeping","approved"
"RTN016","Try their pick","Choose one low-stakes thing your partner likes that you usually wouldn't pick—song, snack, short video, route, or activity—and join them in it once.","Trying the other person's preference is a small approach behavior that breaks personal defaults.","TRY_DIFFERENTLY","2","approach_behavior|novelty|shared_activity","home|outdoors|cafe_or_bar|text_or_remote","anytime","10","2","false","true","medium","low","routine:0.9|spark:0.6|closeness:0.5","routine:2|spark:2","none","approved"
"RTN017","Turn an errand into ten minutes","If you're doing an errand together, add ten unplanned minutes: walk one extra block, sit somewhere, or look around without rushing home.","Adding a small rewarding element to an existing routine is easier than creating a separate event from scratch.","TRY_DIFFERENTLY","2","behavioral_activation|shared_activity|cue_association|novelty","shopping_or_errands|walking|outdoors","anytime","10","2","false","true","high","high","routine:1.0|spark:0.5|closeness:0.5","routine:2,4","time_pressure","approved"
"RTN018","No usual seats","If you're somewhere you visit regularly, sit somewhere different today.","A tiny environmental change can make a familiar setting more noticeable again.","TRY_DIFFERENTLY","2","environmental_design|novelty","home|cafe_or_bar|restaurant|outdoors","anytime","1","1","false","true","medium","medium","routine:1.0|spark:0.4","routine:2","accessibility_needs","approved"
"RTN019","Bring back a song","Play one song connected to a good shared memory while you're together or send it to them without a long explanation.","A familiar positive cue can reactivate shared memory while changing the emotional texture of an ordinary moment.","DO","2","positive_affect|cue_association","home|car|walking|text_or_remote","anytime","4","1","false","false","high","high","routine:0.7|spark:0.8|closeness:0.6","routine:2,4|spark:1,4","painful_memory_association","approved"
"RTN020","Let the phone wait","Choose one ordinary five-minute moment together today and leave your phone out of reach until the moment is over.","Changing the environment removes a competing cue and makes attention easier rather than relying on willpower.","TRY_DIFFERENTLY","2","environmental_design|attention|behavioral_experiment","home|cafe_or_bar|restaurant|car","anytime","5","1","false","false","high","high","routine:0.9|closeness:0.6|communication:0.4","routine:2,4","on_call_or_urgent_contact","approved"
"RTN021","Make the ordinary invitation","Instead of automatically doing one normal thing separately today, invite them to join you: a walk, shop run, coffee, cooking, or quick errand.","An invitation turns an existing routine into an opportunity for shared activity without adding much effort.","DO","2","approach_behavior|shared_activity","home|walking|shopping_or_errands|cafe_or_bar","anytime","10","2","false","true","high","high","routine:1.0|closeness:0.6","routine:2,4","need_for_space","approved"
"RTN022","One new corner","If you're already out together, spend five minutes somewhere you've never stopped before—a side street, bench, shop, or view.","Small doses of novelty can make shared time feel less interchangeable.","TRY_DIFFERENTLY","2","novelty|shared_activity|behavioral_experiment","walking|outdoors|shopping_or_errands|date_or_night_out","anytime","5","1","false","true","medium","medium","routine:0.9|spark:0.7","routine:2|spark:2","mobility_or_time_constraints","approved"
"RTN023","Reverse one role","For one small routine today, swap who normally does it or who takes the lead.","Changing a familiar role can expose hidden assumptions and make an automatic division of labor visible.","TRY_DIFFERENTLY","2","behavioral_experiment|response_substitution|fairness","home|shopping_or_errands|anywhere","anytime","10","2","false","true","medium","medium","routine:0.8|fairness:0.8","routine:2|imbalance:1,2","high_conflict_about_chore","approved"
"RTN024","Ask for a micro-adventure","Offer two tiny options that are different from the usual—walk after dinner or dessert outside, new café or old favorite—and let them pick.","Constrained choices make novelty easier to act on than vague plans to 'do more together.'","DO","2","novelty|shared_activity|environmental_design","home|outdoors|cafe_or_bar|date_or_night_out","evening","15","2","true","true","medium","medium","routine:0.9|spark:0.7","routine:2|spark:2","time_or_money_pressure","approved"
"RTN025","Change the first minute","Pick one recurring moment today—waking up, coming home, dinner, getting into the car—and deliberately change only its first minute.","Changing the start of a familiar sequence can disrupt the rest of an automatic pattern with very little effort.","TRY_DIFFERENTLY","2","cue_association|response_substitution|behavioral_experiment","home|car|anywhere","anytime","1","1","false","false","high","high","routine:1.0|communication:0.4","routine:2,3,4","none","approved"
"RTN026","Add one playful choice","Turn one boring decision today into a playful one: coin flip the takeaway, each pick a mystery snack, or choose the next song for each other.","Play introduces positive affect into routines that normally run on efficiency alone.","TRY_DIFFERENTLY","2","positive_affect|novelty|behavioral_experiment","home|shopping_or_errands|car|cafe_or_bar","anytime","3","1","false","true","medium","medium","routine:0.8|spark:0.7","routine:2|spark:2","none","approved"
"RTN027","Pause one beat","The next time you feel yourself giving an automatic sharp, dismissive, or impatient reply, wait one breath before answering.","A short pause creates room between cue and response, making an alternative behavior possible.","TRY_DIFFERENTLY","3","pause_before_response|response_substitution","home|car|text_or_remote|anywhere","anytime","1","1","false","false","high","high","routine:0.8|conflict:0.9|communication:0.7","routine:3,4|same_fight:2,3","unsafe_or_escalating_conflict","approved"
"RTN028","What else could it mean?","If you catch yourself deciding what your partner meant by something today, ask yourself once: 'What else could this mean?' before responding.","Generating an alternative interpretation can loosen the link between an assumption and an automatic reaction.","NOTICE","3","alternative_interpretation|pause_before_response","home|workday|text_or_remote|anywhere","anytime","1","1","false","false","high","high","routine:0.7|conflict:0.9|communication:0.7","routine:3,4|same_fight:1,2,3","clear_boundary_violation","approved"
"RTN029","Finish hearing it","In one conversation today, wait until they fully finish their point before preparing your answer.","Shifting attention from reply-planning to listening changes a common automatic conversational pattern.","TRY_DIFFERENTLY","3","active_listening|attention|response_substitution","home|walking|car|text_or_remote","anytime","3","1","false","true","high","high","routine:0.7|communication:1.0|closeness:0.5","routine:3,4|communication:1,2","none","approved"
"RTN030","Answer the feeling first","If they tell you about a frustrating moment today, respond to how it sounds before offering a fix or solution.","Changing from automatic problem-solving to responsiveness can make the other person feel heard without requiring a long discussion.","TRY_DIFFERENTLY","3","perceived_responsiveness|validation|response_substitution","home|walking|text_or_remote|anywhere","anytime","2","1","false","true","high","high","routine:0.7|communication:0.9|support:0.8","routine:3,4|communication:2|support:1","explicit_request_for_solution","approved"
"RTN031","Lower the volume, not the point","If a small disagreement appears today, try saying the same point once with a calmer first sentence rather than abandoning the point.","Changing delivery while keeping the underlying need intact tests whether the interaction pattern can shift without avoidance.","TRY_DIFFERENTLY","3","response_substitution|behavioral_experiment|repair","home|car|anywhere","anytime","2","2","false","true","medium","medium","routine:0.6|conflict:1.0|communication:0.8","routine:3|same_fight:2,3","unsafe_or_high_intensity_conflict","approved"
"RTN032","Repair the small miss","If you are unnecessarily short, distracted, or dismissive today, correct it while the moment is still small: 'That came out wrong' or 'Sorry, I wasn't listening.'","Quick repair prevents a minor automatic response from becoming the tone of the interaction.","DO","3","repair|perceived_responsiveness","home|workday|text_or_remote|anywhere","anytime","1","1","false","true","high","high","routine:0.7|conflict:0.8|communication:0.8","routine:3,4|same_fight:3,4","unsafe_conflict","approved"
"RTN033","Change the question","When you're tempted to ask a loaded question such as 'Why do you always...?', turn it into a concrete request about this moment.","A specific request reduces mind-reading and global judgments while preserving the underlying need.","TRY_DIFFERENTLY","3","response_substitution|behavioral_experiment","home|text_or_remote|anywhere","anytime","2","2","false","true","medium","medium","routine:0.6|communication:0.9|conflict:0.9","routine:3|same_fight:2,3","unsafe_or_coercive_context","approved"
"RTN034","Don't keep the score once","Catch one moment today when you're mentally counting who did more. Instead, decide what you actually need and either ask plainly or let this one go.","Moving from internal scorekeeping to a specific choice interrupts resentment-building without denying genuine imbalance.","TRY_DIFFERENTLY","3","self_monitoring|response_substitution|behavioral_experiment","home|shopping_or_errands|anywhere","anytime","2","2","false","false","medium","medium","routine:0.6|fairness:0.9|communication:0.6","routine:3|imbalance:2,3","persistent_or_serious_inequity","approved"
"RTN035","One generous reading","For one ambiguous thing your partner does today, deliberately choose the most reasonable non-hostile explanation that still fits the facts.","Testing a less threatening interpretation can reduce automatic escalation when intent is genuinely unclear.","TRY_DIFFERENTLY","3","alternative_interpretation|behavioral_experiment","home|workday|text_or_remote|anywhere","anytime","1","1","false","false","medium","medium","routine:0.6|conflict:0.8|trust:0.5","routine:3|same_fight:2","clear_harm_or_boundary_violation","approved"
"RTN036","Turn toward once","If they make a small comment or show you something while you're occupied, give them your full attention for ten seconds before returning to what you were doing.","A brief deliberate response replaces automatic partial attention with a clear moment of responsiveness.","DO","3","perceived_responsiveness|attention|response_substitution","home|workday|anywhere","anytime","1","1","false","true","high","high","routine:0.9|closeness:0.8|communication:0.5","routine:3,4","urgent_task","approved"
"RTN037","Ask before fixing","If they bring you a problem today, ask 'Do you want ideas or do you want me to listen?' before choosing your response.","A simple choice interrupts habitual fixing and makes support more responsive to what is actually wanted.","TRY_DIFFERENTLY","3","active_listening|support|behavioral_experiment","home|walking|text_or_remote|anywhere","anytime","1","1","false","true","high","high","routine:0.6|communication:0.9|support:1.0","routine:3,4|communication:2|support:1","none","approved"
"RTN038","Reset outside","If the two of you feel stuck in the same mood at home, suggest a ten-minute walk rather than trying to solve the mood in the same room.","Changing context can interrupt environmental cues that help maintain an unproductive interaction pattern.","TRY_DIFFERENTLY","3","environmental_design|behavioral_experiment|shared_activity","home|walking|outdoors","evening","10","2","true","true","medium","medium","routine:0.8|conflict:0.5|closeness:0.5","routine:3|same_fight:3","unsafe_conflict_or_mobility_constraints","approved"
"RTN039","One different goodbye","Before one separation today—work, errands, sleep, travel—make the goodbye slightly more intentional than usual: eye contact, a kind sentence, or a proper 'see you later.'","Recurring transition moments are strong cues for small repeatable changes.","DO","3","cue_association|attention|positive_affect","home|workday|commuting|travel","anytime","1","1","false","true","high","high","routine:0.9|closeness:0.7","routine:3,4","physical_affection_not_required","approved"
"RTN040","Break the text reflex","If a message from them irritates you today, don't send the first reply you compose. Re-read it once and remove the part you wouldn't say calmly in person.","A small delay can interrupt rapid interpretation-response loops that are amplified in text.","TRY_DIFFERENTLY","3","pause_before_response|response_substitution|alternative_interpretation","text_or_remote|workday|commuting","anytime","2","1","false","false","high","high","routine:0.6|conflict:0.9|communication:0.8","routine:3|same_fight:2,3","urgent_safety_or_boundary_issue","approved"
"RTN041","Pick one keeper","Choose one Move from the last three weeks that genuinely improved a moment between you. Mark that one as worth repeating.","Selecting a behavior that produced a useful result makes repetition intentional rather than relying on memory.","KEEP","4","reinforcement|self_monitoring","anywhere","anytime","2","1","false","false","high","high","routine:1.0","routine:4","requires_prior_completed_move","approved"
"RTN042","Attach it to a cue","Take one Keeper and decide exactly when it will happen again: after coffee, when you get home, on the walk to the shop, or before sleep.","Linking a behavior to an existing recurring cue makes remembering it easier.","KEEP","4","cue_association|implementation_intention","home|walking|commuting|anywhere","anytime","2","1","false","false","high","high","routine:1.0","routine:4","requires_keeper","approved"
"RTN043","Make it smaller","Take a Move you liked but found hard to repeat. Reduce it until it feels almost too easy to skip: twenty minutes becomes five; a big plan becomes one question.","Reducing friction makes repetition more likely and helps separate the useful behavior from unnecessary effort.","KEEP","4","environmental_design|repetition|implementation_intention","home|outdoors|anywhere","anytime","3","1","false","false","high","high","routine:1.0","routine:4","requires_prior_move","approved"
"RTN044","Repeat the greeting","Choose one arrival or reunion today and repeat the intentional greeting you tried earlier: stop, look up, and properly acknowledge each other.","Repeating a behavior at the same cue strengthens the cue-behavior link.","KEEP","4","cue_association|repetition|attention","home|cafe_or_bar|travel|anywhere","anytime","1","1","false","true","high","high","routine:1.0|closeness:0.7","routine:4","none","approved"
"RTN045","Protect five minutes","Choose one five-minute window that worked well for you—coffee, after dinner, a walk, before bed—and make it deliberately phone-free again today.","Repeating a useful environmental setup can turn attention into a routine rather than a daily decision.","KEEP","4","environmental_design|repetition|attention","home|walking|cafe_or_bar","anytime","5","1","false","true","high","high","routine:1.0|closeness:0.6","routine:4","on_call_or_urgent_contact","approved"
"RTN046","Keep the outside ritual","Pick one tiny thing outside the house you could realistically repeat weekly: a walk, coffee stop, market lap, bench, or errand detour. Do it or choose when you'll do it next.","Attaching connection to an existing place or routine lowers the effort needed to repeat it.","KEEP","4","cue_association|shared_activity|implementation_intention","walking|outdoors|cafe_or_bar|shopping_or_errands","anytime","10","2","true","true","high","high","routine:1.0|spark:0.4|closeness:0.5","routine:4","mobility_or_financial_constraints","approved"
"RTN047","Keep the question","Choose one question that opened a better conversation this month. Ask it again in a new context rather than searching for a brand-new technique.","Repeating a successful conversational behavior helps turn it into a natural response.","KEEP","4","repetition|curiosity|reinforcement","home|walking|car|text_or_remote","anytime","3","1","false","true","high","high","routine:0.9|communication:0.8|closeness:0.6","routine:4|communication:4","none","approved"
"RTN048","Plan for the bad day","Choose one Keeper and finish this sentence privately: 'Even on a busy or bad day, I can still do the two-minute version by…'","Planning a minimum version protects a new behavior when motivation and time are low.","KEEP","4","implementation_intention|environmental_design","home|workday|commuting|anywhere","anytime","2","1","false","false","high","high","routine:1.0","routine:4","requires_keeper","approved"
"RTN049","Make the cue visible","For one Keeper, change something small in the environment so it reminds you: put the phones away at dinner, leave walking shoes by the door, or add a private calendar cue.","Environmental prompts reduce the need to remember a new behavior at exactly the right moment.","KEEP","4","environmental_design|cue_association","home|workday|anywhere","anytime","3","1","false","false","high","high","routine:1.0","routine:4","privacy_or_shared_device_constraints","approved"
"RTN050","Name what changed","At the end of today, privately identify one small interaction that feels different from four weeks ago and the behavior that helped create it.","Connecting a useful outcome to a specific behavior reinforces what is worth carrying forward.","NOTICE","4","reinforcement|self_monitoring","home|commuting|anywhere","evening","3","1","false","false","high","high","routine:1.0|closeness:0.4","routine:4","none","approved"
